<?xml version="1.0" encoding="utf-8"?>
<project>
	<PreviewIconFile>preview_icon.png</PreviewIconFile>
	<ItemDescriptionShort/>
	<ModDataPath>D:/Games/Steam/Darkest Dungeon/Mods/Steam Projects/Faster Darkest Dungeon/</ModDataPath>
	<Title>Faster Darkest Dungeon</Title>
	<Language>english</Language>
	<UpdateDetails/>
	<Visibility>public</Visibility>
	<UploadMode>direct_upload</UploadMode>
	<VersionMajor>1</VersionMajor>
	<VersionMinor>9</VersionMinor>
	<TargetBuild>24839</TargetBuild>
	<Tags>
		<Tags>Gameplay Tweaks</Tags>
	</Tags>
	<ItemDescription>Increases the animation speeds for combats (melee and ranged, including crits), effects, transitions and walk. If you think the game is a little slow, this mod can help you.
All DLCs compatible.
Enjoy it.

My other mods:
7 Lockable Quirks - https://steamcommunity.com/sharedfiles/filedetails/?id=1573900658
Bigger Inventory Stacks - https://steamcommunity.com/sharedfiles/filedetails/?id=1426495970</ItemDescription>
	<PublishedFileId>1407793037</PublishedFileId>
</project>

